{"stats":{"minecraft:killed_by":{"minecraft:player":1},"minecraft:mined":{"minecraft:dark_oak_log":3},"minecraft:picked_up":{"minecraft:dark_oak_log":4},"minecraft:dropped":{"alexsmobs:animal_dictionary":1},"minecraft:custom":{"minecraft:jump":11,"minecraft:time_since_rest":3399,"minecraft:damage_taken":250,"minecraft:leave_game":3,"minecraft:crouch_one_cm":401,"minecraft:time_since_death":3366,"minecraft:play_time":5353,"minecraft:sprint_one_cm":1555,"minecraft:walk_one_cm":3077,"minecraft:deaths":1,"minecraft:sneak_time":149,"minecraft:total_world_time":5353,"minecraft:fall_one_cm":1238,"minecraft:drop":1,"minecraft:fly_one_cm":145}},"DataVersion":3465}