{"stats":{"minecraft:killed_by":{"minecraft:player":1},"minecraft:mined":{"minecraft:dark_oak_leaves":3,"minecraft:dark_oak_log":14,"minecraft:birch_leaves":5,"minecraft:crafting_table":1,"minecraft:coal_ore":33,"minecraft:stone":18,"minecraft:oak_leaves":3,"minecraft:wall_torch":1},"minecraft:picked_up":{"minecraft:dark_oak_sapling":1,"minecraft:stick":3,"minecraft:crafting_table":1,"minecraft:torch":1,"pointblank:gunmetal_nugget":6,"minecraft:dark_oak_log":15,"minecraft:spider_eye":1,"minecraft:coal":33,"minecraft:cobblestone":18},"minecraft:crafted":{"minecraft:crafting_table":1,"minecraft:stick":8,"minecraft:wooden_pickaxe":1,"minecraft:stone_pickaxe":1,"minecraft:wooden_axe":1,"minecraft:dark_oak_planks":20,"minecraft:torch":4,"minecraft:stone_axe":1},"minecraft:killed":{"minecraft:zombie":1,"minecraft:spider":1},"minecraft:custom":{"minecraft:time_since_rest":4032,"minecraft:sprint_one_cm":9284,"minecraft:damage_taken":950,"minecraft:walk_one_cm":49438,"minecraft:mob_kills":2,"minecraft:damage_dealt":275,"minecraft:swim_one_cm":1256,"minecraft:interact_with_crafting_table":3,"minecraft:fly_one_cm":12214,"minecraft:player_kills":1,"minecraft:crouch_one_cm":2462,"minecraft:play_time":18095,"minecraft:deaths":2,"minecraft:sneak_time":526,"minecraft:walk_under_water_one_cm":1509,"minecraft:jump":214,"minecraft:leave_game":1,"minecraft:time_since_death":4010,"minecraft:walk_on_water_one_cm":1331,"minecraft:total_world_time":18095,"minecraft:fall_one_cm":14979},"minecraft:used":{"minecraft:wooden_axe":12,"minecraft:stone_pickaxe":48,"minecraft:wooden_pickaxe":3,"minecraft:stone_axe":7,"minecraft:torch":1,"minecraft:crafting_table":2,"minecraft:dark_oak_sapling":1}},"DataVersion":3465}