{"stats":{"minecraft:mined":{"minecraft:dark_oak_log":14,"minecraft:crafting_table":1,"minecraft:dark_oak_leaves":2},"minecraft:picked_up":{"minecraft:crafting_table":1,"minecraft:dark_oak_log":14},"minecraft:crafted":{"minecraft:dark_oak_planks":12,"minecraft:crafting_table":1,"minecraft:stick":4,"minecraft:wooden_pickaxe":1,"minecraft:wooden_axe":1},"minecraft:custom":{"minecraft:jump":19,"minecraft:time_since_rest":5495,"minecraft:crouch_one_cm":7,"minecraft:sprint_one_cm":822,"minecraft:play_time":5495,"minecraft:time_since_death":5495,"minecraft:walk_one_cm":5775,"minecraft:sneak_time":20,"minecraft:total_world_time":5495,"minecraft:interact_with_crafting_table":1,"minecraft:fall_one_cm":859,"minecraft:fly_one_cm":787},"minecraft:used":{"minecraft:wooden_axe":12,"minecraft:crafting_table":1}},"DataVersion":3465}