{"stats":{"minecraft:mined":{"minecraft:dark_oak_log":2,"minecraft:dark_oak_leaves":6},"minecraft:picked_up":{"minecraft:dark_oak_log":2},"minecraft:crafted":{"minecraft:dark_oak_planks":8},"minecraft:custom":{"minecraft:jump":18,"minecraft:time_since_rest":4500,"minecraft:crouch_one_cm":198,"minecraft:sprint_one_cm":647,"minecraft:play_time":4500,"minecraft:time_since_death":4500,"minecraft:walk_one_cm":5690,"minecraft:sneak_time":43,"minecraft:total_world_time":4500,"minecraft:fly_one_cm":853,"minecraft:fall_one_cm":1074}},"DataVersion":3465}