{"stats":{"minecraft:mined":{"minecraft:dark_oak_leaves":9,"minecraft:dark_oak_log":41,"minecraft:stone":6},"minecraft:picked_up":{"minecraft:dark_oak_sapling":2,"minecraft:dark_oak_log":39,"minecraft:cobblestone":6},"minecraft:crafted":{"minecraft:dark_oak_planks":156,"minecraft:crafting_table":1,"minecraft:stone_axe":1,"minecraft:stick":8,"minecraft:wooden_pickaxe":1,"minecraft:stone_pickaxe":1},"minecraft:custom":{"minecraft:time_since_rest":17100,"minecraft:crouch_one_cm":1762,"minecraft:play_time":17100,"minecraft:sprint_one_cm":14599,"minecraft:damage_taken":95,"minecraft:walk_one_cm":25987,"minecraft:sneak_time":896,"minecraft:walk_under_water_one_cm":2991,"minecraft:jump":224,"minecraft:damage_dealt":20,"minecraft:leave_game":1,"minecraft:walk_on_water_one_cm":425,"minecraft:time_since_death":17100,"minecraft:total_world_time":17100,"minecraft:player_kills":1,"minecraft:swim_one_cm":1620,"minecraft:interact_with_crafting_table":3,"minecraft:fall_one_cm":7359,"minecraft:fly_one_cm":23615},"minecraft:used":{"minecraft:stone_axe":39,"minecraft:crafting_table":1,"minecraft:wooden_pickaxe":6,"minecraft:dark_oak_sapling":2}},"DataVersion":3465}